ID Pelanggan,Usia_Normalized,Pendapatan_Standardized,Total_Belanja_Normalized,Status_Member_Encoded,Kota Tinggal_Bandung,Kota Tinggal_Jakarta,Kota Tinggal_Medan,Kota Tinggal_Surabaya,Rata_Belanja_per_Usia,Bulan_Transaksi,Fitur_Dummy_1,Fitur_Dummy_2,Fitur_Dummy_3,Target_Class
1,0.33,-0.8,0.4,0,0,1,0,0,19642,1,0.8246158556099751,1.445496341560717,20.797253983196494,0
2,0.5,-0.6,0.1,1,0,1,0,0,10666,1,0.7878396518332266,3.494051975711132,61.603479660433834,1
3,0.75,-0.2,0.7,0,1,0,0,0,22285,2,0.9301602861148413,0.5977647869366132,71.81613143020155,0
4,0.0,-1.2,0.0,0,0,1,0,0,6818,2,0.1250015633385202,3.0234350940129753,52.53744278230208,0
6,1.0,1.5,1.0,0,0,1,0,0,22500,2,0.8049580064230815,9.279787822601042,54.63158074169433,0
7,0.5,-0.7,0.5,1,0,0,0,1,20000,2,0.7447294068895848,4.430155312063703,48.72232663861933,1
8,0.5,-0.5,0.3,1,0,0,1,0,15000,1,0.5557749310800035,1.0147611866309436,52.19219223059791,1
5,0.5,-0.6,0.2,0,0,1,0,0,13333,2,0.9816285077808179,7.169554381164,57.82120296420784,0
